{
  "UPC_Login" : {
    "transaction" : "UPC_Login",
    "sampleCount" : 5,
    "errorCount" : 0,
    "errorPct" : 0.0,
    "meanResTime" : 2514.0,
    "minResTime" : 1967.0,
    "maxResTime" : 4270.0,
    "pct1ResTime" : 4270.0,
    "pct2ResTime" : 4270.0,
    "pct3ResTime" : 4270.0,
    "throughput" : 0.19726978615955182,
    "receivedKBytesPerSec" : 0.7537092884478813,
    "sentKBytesPerSec" : 0.4735245452931429
  },
  "Total" : {
    "transaction" : "Total",
    "sampleCount" : 45,
    "errorCount" : 0,
    "errorPct" : 0.0,
    "meanResTime" : 1057.4888888888888,
    "minResTime" : 276.0,
    "maxResTime" : 4270.0,
    "pct1ResTime" : 2249.0,
    "pct2ResTime" : 2348.5999999999995,
    "pct3ResTime" : 4270.0,
    "throughput" : 1.6297262059973925,
    "receivedKBytesPerSec" : 2.797767388273215,
    "sentKBytesPerSec" : 1.8150509742141099
  },
  "UPC_HomePage" : {
    "transaction" : "UPC_HomePage",
    "sampleCount" : 5,
    "errorCount" : 0,
    "errorPct" : 0.0,
    "meanResTime" : 2247.8,
    "minResTime" : 2211.0,
    "maxResTime" : 2294.0,
    "pct1ResTime" : 2294.0,
    "pct2ResTime" : 2294.0,
    "pct3ResTime" : 2294.0,
    "throughput" : 0.21705157145337733,
    "receivedKBytesPerSec" : 0.8474761650243098,
    "sentKBytesPerSec" : 0.5667928731116513
  },
  "UPC_Login-2" : {
    "transaction" : "UPC_Login-2",
    "sampleCount" : 5,
    "errorCount" : 0,
    "errorPct" : 0.0,
    "meanResTime" : 451.8,
    "minResTime" : 276.0,
    "maxResTime" : 1115.0,
    "pct1ResTime" : 1115.0,
    "pct2ResTime" : 1115.0,
    "pct3ResTime" : 1115.0,
    "throughput" : 0.22531656978054165,
    "receivedKBytesPerSec" : 0.6315905096660809,
    "sentKBytesPerSec" : 0.18615021292415845
  },
  "UPC_HomePage-2" : {
    "transaction" : "UPC_HomePage-2",
    "sampleCount" : 5,
    "errorCount" : 0,
    "errorPct" : 0.0,
    "meanResTime" : 513.0,
    "minResTime" : 294.0,
    "maxResTime" : 602.0,
    "pct1ResTime" : 602.0,
    "pct2ResTime" : 602.0,
    "pct3ResTime" : 602.0,
    "throughput" : 0.22828965391288467,
    "receivedKBytesPerSec" : 0.09274267190210939,
    "sentKBytesPerSec" : 0.1377763731622683
  },
  "UPC_Login-1" : {
    "transaction" : "UPC_Login-1",
    "sampleCount" : 5,
    "errorCount" : 0,
    "errorPct" : 0.0,
    "meanResTime" : 635.6,
    "minResTime" : 549.0,
    "maxResTime" : 774.0,
    "pct1ResTime" : 774.0,
    "pct2ResTime" : 774.0,
    "pct3ResTime" : 774.0,
    "throughput" : 0.22060445621001543,
    "receivedKBytesPerSec" : 0.10254660269137438,
    "sentKBytesPerSec" : 0.18225719722038386
  },
  "UPC_HomePage-3" : {
    "transaction" : "UPC_HomePage-3",
    "sampleCount" : 5,
    "errorCount" : 0,
    "errorPct" : 0.0,
    "meanResTime" : 445.4,
    "minResTime" : 276.0,
    "maxResTime" : 1097.0,
    "pct1ResTime" : 1097.0,
    "pct2ResTime" : 1097.0,
    "pct3ResTime" : 1097.0,
    "throughput" : 0.22843567251461988,
    "receivedKBytesPerSec" : 0.6045960543448464,
    "sentKBytesPerSec" : 0.13786449766995612
  },
  "UPC_Login-0" : {
    "transaction" : "UPC_Login-0",
    "sampleCount" : 5,
    "errorCount" : 0,
    "errorPct" : 0.0,
    "meanResTime" : 1422.0,
    "minResTime" : 1140.0,
    "maxResTime" : 2372.0,
    "pct1ResTime" : 2372.0,
    "pct2ResTime" : 2372.0,
    "pct3ResTime" : 2372.0,
    "throughput" : 0.20467477178762944,
    "receivedKBytesPerSec" : 0.11313078206230301,
    "sentKBytesPerSec" : 0.1531063234270744
  },
  "UPC_HomePage-0" : {
    "transaction" : "UPC_HomePage-0",
    "sampleCount" : 5,
    "errorCount" : 0,
    "errorPct" : 0.0,
    "meanResTime" : 342.4,
    "minResTime" : 277.0,
    "maxResTime" : 572.0,
    "pct1ResTime" : 572.0,
    "pct2ResTime" : 572.0,
    "pct3ResTime" : 572.0,
    "throughput" : 0.23740563126157352,
    "receivedKBytesPerSec" : 0.11986202281468117,
    "sentKBytesPerSec" : 0.166693993044015
  },
  "UPC_HomePage-1" : {
    "transaction" : "UPC_HomePage-1",
    "sampleCount" : 5,
    "errorCount" : 0,
    "errorPct" : 0.0,
    "meanResTime" : 945.4,
    "minResTime" : 283.0,
    "maxResTime" : 1151.0,
    "pct1ResTime" : 1151.0,
    "pct2ResTime" : 1151.0,
    "pct3ResTime" : 1151.0,
    "throughput" : 0.23168527871739028,
    "receivedKBytesPerSec" : 0.08032058002409527,
    "sentKBytesPerSec" : 0.1626774564431676
  }
}